{"_id":"61cc08bde0a28d0d2816623c","device_id":"01-aa-bb-cc-dd-03-04-01","code":"01-aa-bb-cc-dd-03-02-05","description":"Washroom","gateway":{"_id":"61cc08bde0a28d0d28166239","gateway_id":"G001","region":"ap","city":"Bangalore","state":"Karnataka","company":"Dell","company_unit":"Dell R&D","washroom":{"sensors":["61cc08bde0a28d0d2816623c"],"_id":"61cc08bde0a28d0d28166230","type":"male","createdAt":"2021-12-29T07:05:33.678Z","updatedAt":"2021-12-29T07:05:33.807Z","__v":0},"createdAt":"2021-12-29T07:05:33.763Z","updatedAt":"2021-12-29T07:05:33.763Z","__v":0,"floor":{"washrooms":["61cc08bde0a28d0d28166230"],"rooms":[],"_id":"61cc08bde0a28d0d28166232","sign":"4","description":"4thFloor","index":4,"createdAt":"2021-12-29T07:05:33.711Z","updatedAt":"2021-12-29T07:05:33.757Z","__v":0},"infrastructure":{"floors":["61cc08bde0a28d0d28166232"],"_id":"61cc08bde0a28d0d28166234","name":"Dell","description":"Dell Gents Washroom","location":"Bangalore","type":"building","createdAt":"2021-12-29T07:05:33.735Z","updatedAt":"2021-12-29T07:05:33.735Z","__v":0}},"createdAt":"2021-12-29T07:05:33.788Z","updatedAt":"2021-12-29T07:05:33.788Z","__v":0,"washroom":{"sensors":["61cc08bde0a28d0d2816623c"],"_id":"61cc08bde0a28d0d28166230","type":"male","createdAt":"2021-12-29T07:05:33.678Z","updatedAt":"2021-12-29T07:05:33.807Z","__v":0},"floor":{"washrooms":["61cc08bde0a28d0d28166230"],"rooms":[],"_id":"61cc08bde0a28d0d28166232","sign":"4","description":"4thFloor","index":4,"createdAt":"2021-12-29T07:05:33.711Z","updatedAt":"2021-12-29T07:05:33.757Z","__v":0},"infrastructure":{"floors":["61cc08bde0a28d0d28166232"],"_id":"61cc08bde0a28d0d28166234","name":"Dell","description":"Dell Gents Washroom","location":"Bangalore","type":"building","createdAt":"2021-12-29T07:05:33.735Z","updatedAt":"2021-12-29T07:05:33.735Z","__v":0}}